NAME,PHONE,EMAIL,BD,NUM OF BOOKINGS,CANCELLED
Alan Patridge,+44 3452 957483,gooooooal@gmail.com,49,8,1
Lou Sirr,+44 7714 462754,lousirr@yahoo.com,55,3,0
Banana Hammock,+44 4422 054324,prconsuella@gmail.com,39,1,2
Dylan Moran,+353 6765342849,blah@blan.com,55,1,1
Rowan Clark,+44 3399 523455,rclark@gmail.com,51,8,2
Shanna Olliar,+86 402 861 7342,solliar1@gizmodo.com,18,3,5
Blinny Garbutt,+55 816 624 1978,bgarbutt2@vkontakte.ru,64,6,4
Virgilio Fahrenbacher,+378 964 437 5840,vfahrenbacher3@cbslocal.com,50,7,3
Reinaldo Donisi,+86 803 342 3802,rdonisi4@goo.gl,35,3,2
Wiley Mettetal,+234 780 411 2191,wmettetal5@mysql.com,40,1,1
Garwood Nutman,+62 577 271 8231,gnutman6@com.com,80,2,0
Haley Heald,+976 567 702 7244,hheald7@utexas.edu,56,5,1
Shani Comelli,+86 167 681 4148,scomelli8@businessinsider.com,21,3,1
Jess Blackler,+81 214 442 7299,jblackler9@canalblog.com,49,1,1
Bengt Bern,+504 614 631 0723,bberna@businessweek.com,29,4,1
Sonnnie Petschelt,+7 125 390 4980,spetscheltb@utexas.edu,31,8,1
Whitney Dresse,+62 716 743 3777,wdressec@whitehouse.gov,65,2,2
Izaak Twigger,+62 255 519 9708,itwiggerd@ucoz.com,76,6,1
Reilly Chazerand,+81 723 158 3756,rchazerande@sina.com.cn,44,2,1
Frazier Lyon,+7 386 964 4026,flyonf@npr.org,32,3,1
Matias Tallowin,+55 231 915 3141,mtallowing@nps.gov,66,4,1
Teriann Ferraraccio,+48 615 780 8940,tferraraccioh@gizmodo.com,46,5,1
Aldous Davidsohn,+63 881 669 7714,adavidsohni@nhs.uk,20,1,1
Emmett Penhalewick,+86 859 175 3830,epenhalewickj@deviantart.com,76,7,1
Analiese Sottell,+351 487 223 8722,asottellk@amazon.co.uk,61,3,1
Jerrilee Wolfenden,+7 344 275 8189,jwolfendenl@unblog.fr,30,4,1
Mata Caen,+351 578 783 4662,mcaenm@merriam-webster.com,24,6,1
Nanci Hamber,+55 696 327 8589,nhambern@i2i.jp,38,3,1
Robb Jakeway,+62 570 396 1766,rjakewayo@telegraph.co.uk,64,5,1
Benji Tattersall,+86 768 168 5517,btattersallp@netlog.com,62,7,1
Malinde Craik,+86 624 832 0360,mcraikq@jimdo.com,70,8,0
Bobina De Francesco,+48 431 658 1468,bder@ebay.com,53,2,0
Eloisa Gerkens,+1 897 137 2996,egerkenss@psu.edu,59,3,0
Sayers Alsford,+7 290 950 2770,salsfordt@icio.us,79,4,0
Kristina Iianon,+81 617 587 8331,kiianonu@abc.net.au,86,1,0
Claudina Durling,+62 320 683 3184,cdurlingv@china.com.cn,25,2,0
Mathilda Ellum,+263 564 974 5147,mellumw@engadget.com,24,3,0
Goldi Huntriss,+353 219 630 4226,ghuntrissx@123-reg.co.uk,51,2,0
Dar Carman,+63 498 617 3703,dcarmany@digg.com,24,1,0
Dani Thornewell,+7 517 134 5697,dthornewellz@army.mil,55,1,0
Dimitri Braunton,+55 474 371 9321,dbraunton10@slashdot.org,78,1,0
Jess Addis,+86 845 919 9219,jaddis11@mapy.cz,20,1,0
Agathe Earlam,+48 863 688 3346,aearlam12@bigcartel.com,48,2,0
Lucille Bysshe,+86 792 881 8391,lbysshe13@whitehouse.gov,59,4,0
Georgeanna Brownsett,+62 564 341 1250,gbrownsett14@simplemachines.org,59,2,0
Lolita Stanney,+48 153 144 7657,lstanney15@e-recht24.de,23,6,0
Vince Diperaus,+66 896 453 3379,vdiperaus16@sohu.com,30,3,0
Adolphus Cornock,+256 114 450 1263,acornock17@ezinearticles.com,70,5,0
Dorita Chillistone,+351 439 515 9756,dchillistone18@yale.edu,34,3,0
Jack Allot,+63 237 623 3135,jallot19@hubpages.com,45,3,2
Gerladina Franck,+216 882 127 4045,gfranck1a@washington.edu,81,7,0
Lynea Spatig,+967 332 525 8560,lspatig1b@ning.com,79,4,1
Gaston Cossom,+62 724 300 7239,gcossom1c@sina.com.cn,21,3,1
Brandon Mucci,+86 846 595 8527,bmucci1d@so-net.ne.jp,73,2,1
Marjie Churchward,+58 440 113 5734,mchurchward1e@altervista.org,29,3,0
Aileen Corbould,+234 359 701 4198,acorbould1f@netvibes.com,28,4,0
Johan Ber,+86 833 686 8983,jber1g@ow.ly,63,6,0
Deva Karoly,+81 564 931 6333,dkaroly1h@hugedomains.com,46,7,0
Rosemarie Houndson,+86 335 518 0315,rhoundson1i@fda.gov,18,5,0
Ernie Wolstencroft,+86 687 879 8596,ewolstencroft1j@pinterest.com,29,4,
Jervis Style,+963 531 661 2832,jstyle1k@stumbleupon.com,40,3,1
Brana Sollime,+86 682 685 6704,bsollime1l@over-blog.com,60,5,2
Dillie Lepere,+33 188 607 7767,dlepere1m@purevolume.com,44,7,3
Devora Finneran,+86 970 586 1022,dfinneran1n@istockphoto.com,43,8,3
Patin Philson,+504 914 614 3285,pphilson1o@creativecommons.org,80,3,2
Lin Orwin,+967 380 176 4527,lorwin1p@rambler.ru,39,2,1
Karin Fintoph,+86 109 927 8579,kfintoph1q@nps.gov,55,2,0
Adi Raine,+63 974 269 0779,araine1r@yandex.ru,30,4,0
Marylynne Brugman,+86 558 689 2796,mbrugman1s@utexas.edu,64,2,0
Norene Mariotte,+1 217 896 1265,nmariotte1t@free.fr,43,6,0
Hirsch Blase,+7 139 349 2609,hblase1u@princeton.edu,62,4,0
Annecorinne Feighry,+420 561 411 8391,afeighry1v@cdc.gov,45,3,0
Erda Luxton,+234 526 133 8199,eluxton1w@deliciousdays.com,17,5,0
Madelin Ream,+86 831 717 8164,mream1x@sina.com.cn,48,6,0
Pietrek Billinge,+53 700 186 9055,pbillinge1y@nydailynews.com,35,7,0
Mikael Hearnshaw,+680 615 211 7419,mhearnshaw1z@networksolutions.com,48,4,0
Ronna Reeman,+55 336 158 1606,rreeman20@cyberchimps.com,36,3,0
Gwendolen Shyres,+351 472 728 7775,gshyres21@csmonitor.com,69,4,0
Burnard Clacson,+33 372 713 8319,bclacson22@opensource.org,57,6,1
